{
  "metadata" : {
    "name" : "rowgen_peek.DataStage job",
    "asset_id" : "1b49e48f-18d5-4d21-95e8-0c7825eb9526",
    "owner_id" : "1000331001",
    "version" : 0
  },
  "entity" : {
    "job" : {
      "asset_ref_type" : "data_intg_flow",
      "configuration" : {
        "env_variables" : [ ],
        "flow_limits" : {
          "warn_limit" : 100
        },
        "env_id" : "53fd6bc1-60f1-4369-966a-ad7a326b9f54",
        "env_type" : "datastage"
      },
      "last_run_initiator" : "deprecated field",
      "last_run_time" : "deprecated field",
      "last_run_status" : "deprecated field",
      "last_run_status_timestamp" : 0,
      "future_scheduled_runs" : [ ],
      "enable_notifications" : true,
      "project_name" : "indrani_paramset",
      "asset_ref" : "e398ccea-700d-4008-9cbd-2b8e5b3da7d7",
      "parameter_sets" : [ {
        "name" : "peek_paramset",
        "ref" : "76b46a71-d925-4b4f-8eb9-0596870ceaf3"
      } ],
      "schedule_id" : "",
      "schedule_creator_id" : "",
      "retention_policy" : { },
      "job_parameters" : [ {
        "name" : "num_records",
        "value" : "#record_paramset.num_records#"
      } ],
      "flow_name" : "rowgen_peek"
    }
  }
}